title,link,size
ASSASSINS CREED 3 ,http://s7.bitdownload.ir/Game/Assassins.Creed.Collection/ASSASSINS.CREED.3/ASSASSINS.CREED.3-crack.bitdownload.ir.rar,15
ASSASSINS CREED 3 ,http://s7.bitdownload.ir/Game/Assassins.Creed.Collection/ASSASSINS.CREED.3/ASSASSINS.CREED.3.bitdownload.ir.part1.rar,15
ASSASSINS CREED 3 ,http://s7.bitdownload.ir/Game/Assassins.Creed.Collection/ASSASSINS.CREED.3/ASSASSINS.CREED.3.bitdownload.ir.part2.rar,15
ASSASSINS CREED 3 ,http://s7.bitdownload.ir/Game/Assassins.Creed.Collection/ASSASSINS.CREED.3/ASSASSINS.CREED.3.bitdownload.ir.part3.rar,15
ASSASSINS CREED 3 ,http://s7.bitdownload.ir/Game/Assassins.Creed.Collection/ASSASSINS.CREED.3/ASSASSINS.CREED.3.bitdownload.ir.part4.rar,15
ASSASSINS CREED 3 ,http://s7.bitdownload.ir/Game/Assassins.Creed.Collection/ASSASSINS.CREED.3/ASSASSINS.CREED.3.bitdownload.ir.part5.rar,15
ASSASSINS CREED 3 ,http://s7.bitdownload.ir/Game/Assassins.Creed.Collection/ASSASSINS.CREED.3/ASSASSINS.CREED.3.bitdownload.ir.part6.rar,15
ASSASSINS CREED 3 ,http://s7.bitdownload.ir/Game/Assassins.Creed.Collection/ASSASSINS.CREED.3/ASSASSINS.CREED.3.bitdownload.ir.part7.rar,15
ASSASSINS CREED 3 ,http://s7.bitdownload.ir/Game/Assassins.Creed.Collection/ASSASSINS.CREED.3/ASSASSINS.CREED.3.bitdownload.ir.part8.rar,15
Assassin's Creed Revelations ,http://s7.bitdownload.ir/Game/Assassins.Creed.Collection/Assassin%27s.Creed.Revelations/Assassin%27s.Creed.Revelations.bitdownload.ir.part1.rar,3
Assassin's Creed Revelations ,http://s7.bitdownload.ir/Game/Assassins.Creed.Collection/Assassin%27s.Creed.Revelations/Assassin%27s.Creed.Revelations.bitdownload.ir.part2.rar,3
Assassins Creed 1 ,http://s7.bitdownload.ir/Game/Assassins.Creed.Collection/Assassins.Creed.1/Assassins.Creed.1.bitdownload.ir.part1.rar,7
Assassins Creed 1 ,http://s7.bitdownload.ir/Game/Assassins.Creed.Collection/Assassins.Creed.1/Assassins.Creed.1.bitdownload.ir.part2.rar,7
Assassins Creed 1 ,http://s7.bitdownload.ir/Game/Assassins.Creed.Collection/Assassins.Creed.1/Assassins.Creed.1.bitdownload.ir.part3.rar,7
Assassins Creed 1 ,http://s7.bitdownload.ir/Game/Assassins.Creed.Collection/Assassins.Creed.1/Assassins.Creed.1.bitdownload.ir.part4.rar,7
Assassins Creed 1 ,http://s7.bitdownload.ir/Game/Assassins.Creed.Collection/Assassins.Creed.1/Assassins.Creed.I.Fixed.bitdownload.ir.rar,7
Assassins Creed 2 ,http://s7.bitdownload.ir/Game/Assassins.Creed.Collection/Assassins.Creed.2/Assassin.Creed.2.Offline.Server.Crack.bitdownload.ir.rar,3
Assassins Creed 2 ,http://s7.bitdownload.ir/Game/Assassins.Creed.Collection/Assassins.Creed.2/Assassins.Creed.2.bitdownload.ir.part1.rar,3
Assassins Creed 2 ,http://s7.bitdownload.ir/Game/Assassins.Creed.Collection/Assassins.Creed.2/Assassins.Creed.2.bitdownload.ir.part2.rar,3
Assassins Creed 2 ,http://s7.bitdownload.ir/Game/Assassins.Creed.Collection/Assassins.Creed.2/FIX-Ubisoft-Game-Launcher-Error-Code-2-Assassins-Creed-ll.bitdownload.ir.rar,3
Assassins Creed Brotherhood ,http://s7.bitdownload.ir/Game/Assassins.Creed.Collection/Assassins.Creed.Brotherhood/Assassins.Creed.Brotherhood.bitdownload.ir.part1.rar,8
Assassins Creed Brotherhood ,http://s7.bitdownload.ir/Game/Assassins.Creed.Collection/Assassins.Creed.Brotherhood/Assassins.Creed.Brotherhood.bitdownload.ir.part2.rar,8
Assassins Creed Brotherhood ,http://s7.bitdownload.ir/Game/Assassins.Creed.Collection/Assassins.Creed.Brotherhood/Assassins.Creed.Brotherhood.bitdownload.ir.part3.rar,8
Assassins Creed Brotherhood ,http://s7.bitdownload.ir/Game/Assassins.Creed.Collection/Assassins.Creed.Brotherhood/Assassins.Creed.Brotherhood.bitdownload.ir.part4.rar,8
Batman AK-FitGirl ,http://s7.bitdownload.ir/Game/Batman.Collection/Batman.AK-FitGirl/Batman.AK-FitGirl.bitdownload.ir.part01.rar,25
Batman AK-FitGirl ,http://s7.bitdownload.ir/Game/Batman.Collection/Batman.AK-FitGirl/Batman.AK-FitGirl.bitdownload.ir.part02.rar,25
Batman AK-FitGirl ,http://s7.bitdownload.ir/Game/Batman.Collection/Batman.AK-FitGirl/Batman.AK-FitGirl.bitdownload.ir.part03.rar,25
Batman AK-FitGirl ,http://s7.bitdownload.ir/Game/Batman.Collection/Batman.AK-FitGirl/Batman.AK-FitGirl.bitdownload.ir.part04.rar,25
Batman AK-FitGirl ,http://s7.bitdownload.ir/Game/Batman.Collection/Batman.AK-FitGirl/Batman.AK-FitGirl.bitdownload.ir.part05.rar,25
Batman AK-FitGirl ,http://s7.bitdownload.ir/Game/Batman.Collection/Batman.AK-FitGirl/Batman.AK-FitGirl.bitdownload.ir.part06.rar,25
Batman AK-FitGirl ,http://s7.bitdownload.ir/Game/Batman.Collection/Batman.AK-FitGirl/Batman.AK-FitGirl.bitdownload.ir.part07.rar,25
Batman AK-FitGirl ,http://s7.bitdownload.ir/Game/Batman.Collection/Batman.AK-FitGirl/Batman.AK-FitGirl.bitdownload.ir.part08.rar,25
Batman AK-FitGirl ,http://s7.bitdownload.ir/Game/Batman.Collection/Batman.AK-FitGirl/Batman.AK-FitGirl.bitdownload.ir.part09.rar,25
Batman AK-FitGirl ,http://s7.bitdownload.ir/Game/Batman.Collection/Batman.AK-FitGirl/Batman.AK-FitGirl.bitdownload.ir.part10.rar,25
Batman AK-FitGirl ,http://s7.bitdownload.ir/Game/Batman.Collection/Batman.AK-FitGirl/Batman.AK-FitGirl.bitdownload.ir.part11.rar,25
Batman AK-FitGirl ,http://s7.bitdownload.ir/Game/Batman.Collection/Batman.AK-FitGirl/Batman.AK-FitGirl.bitdownload.ir.part12.rar,25
Batman AK-FitGirl ,http://s7.bitdownload.ir/Game/Batman.Collection/Batman.AK-FitGirl/Batman.AK-FitGirl.bitdownload.ir.part13.rar,25
Batman Arkham Origins Black Box ,http://s7.bitdownload.ir/Game/Batman.Collection/Batman.Arkham.Origins.Black.Box/Batman.AO.Update-2-RLD.bitdownload.ir.rar,8
Batman Arkham Origins Black Box ,http://s7.bitdownload.ir/Game/Batman.Collection/Batman.Arkham.Origins.Black.Box/Batman.Arkham.Origins.Black.Box.bitdownload.ir.part1.rar,8
Batman Arkham Origins Black Box ,http://s7.bitdownload.ir/Game/Batman.Collection/Batman.Arkham.Origins.Black.Box/Batman.Arkham.Origins.Black.Box.bitdownload.ir.part2.rar,8
Batman Arkham Origins Black Box ,http://s7.bitdownload.ir/Game/Batman.Collection/Batman.Arkham.Origins.Black.Box/Batman.Arkham.Origins.Black.Box.bitdownload.ir.part3.rar,8
Batman Arkham Origins Black Box ,http://s7.bitdownload.ir/Game/Batman.Collection/Batman.Arkham.Origins.Black.Box/Batman.Arkham.Origins.Black.Box.bitdownload.ir.part4.rar,8
Batman Arkham Origins Black Box ,http://s7.bitdownload.ir/Game/Batman.Collection/Batman.Arkham.Origins.Black.Box/Batman.Arkham.Origins.Black.Box.bitdownload.ir.part5.rar,8
Batman Vengeance ,http://s7.bitdownload.ir/Game/Batman.Collection/Batman.Vengeance/Batman.Vengeance.bitdownload.ir.rar,1
L Batman T Video Game ,http://s7.bitdownload.ir/Game/Batman.Collection/L.Batman.T.Video.Game/L.Batman.T.Video.Game.bitdownload.ir.rar,0
LEGO Batman 3 Beyond Gotham Proper-RELOADED ,http://s7.bitdownload.ir/Game/Batman.Collection/LEGO.Batman.3.Beyond.Gotham.Proper-RELOADED/LEGO.Batman.3.Beyond.Gotham.Proper-RELOADED.bitdownload.ir.part1.rar,7
LEGO Batman 3 Beyond Gotham Proper-RELOADED ,http://s7.bitdownload.ir/Game/Batman.Collection/LEGO.Batman.3.Beyond.Gotham.Proper-RELOADED/LEGO.Batman.3.Beyond.Gotham.Proper-RELOADED.bitdownload.ir.part2.rar,7
LEGO Batman 3 Beyond Gotham Proper-RELOADED ,http://s7.bitdownload.ir/Game/Batman.Collection/LEGO.Batman.3.Beyond.Gotham.Proper-RELOADED/LEGO.Batman.3.Beyond.Gotham.Proper-RELOADED.bitdownload.ir.part3.rar,7
LEGO Batman 3 Beyond Gotham Proper-RELOADED ,http://s7.bitdownload.ir/Game/Batman.Collection/LEGO.Batman.3.Beyond.Gotham.Proper-RELOADED/LEGO.Batman.3.Beyond.Gotham.Proper-RELOADED.bitdownload.ir.part4.rar,7
BioShock 2 Remastered-CODEX ,http://s7.bitdownload.ir/Game/BioShock.Collection/BioShock.2.Remastered-CODEX/BioShock.2.Remastered-CODEX.bitdownload.ir.part1.rar,14
BioShock 2 Remastered-CODEX ,http://s7.bitdownload.ir/Game/BioShock.Collection/BioShock.2.Remastered-CODEX/BioShock.2.Remastered-CODEX.bitdownload.ir.part2.rar,14
BioShock 2 Remastered-CODEX ,http://s7.bitdownload.ir/Game/BioShock.Collection/BioShock.2.Remastered-CODEX/BioShock.2.Remastered-CODEX.bitdownload.ir.part3.rar,14
BioShock 2 Remastered-CODEX ,http://s7.bitdownload.ir/Game/BioShock.Collection/BioShock.2.Remastered-CODEX/BioShock.2.Remastered-CODEX.bitdownload.ir.part4.rar,14
BioShock 2 Remastered-CODEX ,http://s7.bitdownload.ir/Game/BioShock.Collection/BioShock.2.Remastered-CODEX/BioShock.2.Remastered-CODEX.bitdownload.ir.part5.rar,14
BioShock 2 Remastered-CODEX ,http://s7.bitdownload.ir/Game/BioShock.Collection/BioShock.2.Remastered-CODEX/BioShock.2.Remastered-CODEX.bitdownload.ir.part6.rar,14
BioShock 2 Remastered-CODEX ,http://s7.bitdownload.ir/Game/BioShock.Collection/BioShock.2.Remastered-CODEX/BioShock.2.Remastered-CODEX.bitdownload.ir.part7.rar,14
BioShock 2 Remastered-CODEX ,http://s7.bitdownload.ir/Game/BioShock.Collection/BioShock.2.Remastered-CODEX/BioShock.2.Remastered-CODEX.bitdownload.ir.part8.rar,14
BioShock 2 Remastered FitGirl ,http://s7.bitdownload.ir/Game/BioShock.Collection/BioShock.2.Remastered.FitGirl/BioShock.2.Remastered.FitGirl.bitdownload.ir.part1.rar,7
BioShock 2 Remastered FitGirl ,http://s7.bitdownload.ir/Game/BioShock.Collection/BioShock.2.Remastered.FitGirl/BioShock.2.Remastered.FitGirl.bitdownload.ir.part2.rar,7
BioShock 2 Remastered FitGirl ,http://s7.bitdownload.ir/Game/BioShock.Collection/BioShock.2.Remastered.FitGirl/BioShock.2.Remastered.FitGirl.bitdownload.ir.part3.rar,7
BioShock 2 Remastered FitGirl ,http://s7.bitdownload.ir/Game/BioShock.Collection/BioShock.2.Remastered.FitGirl/BioShock.2.Remastered.FitGirl.bitdownload.ir.part4.rar,7
BioShock Remastered-CODEX ,http://s7.bitdownload.ir/Game/BioShock.Collection/BioShock.Remastered-CODEX/BioShock.Remastered-CODEX.bitdownload.ir.part1.rar,16
BioShock Remastered-CODEX ,http://s7.bitdownload.ir/Game/BioShock.Collection/BioShock.Remastered-CODEX/BioShock.Remastered-CODEX.bitdownload.ir.part2.rar,16
BioShock Remastered-CODEX ,http://s7.bitdownload.ir/Game/BioShock.Collection/BioShock.Remastered-CODEX/BioShock.Remastered-CODEX.bitdownload.ir.part3.rar,16
BioShock Remastered-CODEX ,http://s7.bitdownload.ir/Game/BioShock.Collection/BioShock.Remastered-CODEX/BioShock.Remastered-CODEX.bitdownload.ir.part4.rar,16
BioShock Remastered-CODEX ,http://s7.bitdownload.ir/Game/BioShock.Collection/BioShock.Remastered-CODEX/BioShock.Remastered-CODEX.bitdownload.ir.part5.rar,16
BioShock Remastered-CODEX ,http://s7.bitdownload.ir/Game/BioShock.Collection/BioShock.Remastered-CODEX/BioShock.Remastered-CODEX.bitdownload.ir.part6.rar,16
BioShock Remastered-CODEX ,http://s7.bitdownload.ir/Game/BioShock.Collection/BioShock.Remastered-CODEX/BioShock.Remastered-CODEX.bitdownload.ir.part7.rar,16
BioShock Remastered-CODEX ,http://s7.bitdownload.ir/Game/BioShock.Collection/BioShock.Remastered-CODEX/BioShock.Remastered-CODEX.bitdownload.ir.part8.rar,16
BioShock Remastered FitGirl ,http://s7.bitdownload.ir/Game/BioShock.Collection/BioShock.Remastered.FitGirl/Bio.shock.FitGirl.bitdownload.ir.part1.rar,5
BioShock Remastered FitGirl ,http://s7.bitdownload.ir/Game/BioShock.Collection/BioShock.Remastered.FitGirl/Bio.shock.FitGirl.bitdownload.ir.part2.rar,5
BioShock Remastered FitGirl ,http://s7.bitdownload.ir/Game/BioShock.Collection/BioShock.Remastered.FitGirl/Bio.shock.FitGirl.bitdownload.ir.part3.rar,5
